{
  "0": [
    [[ 6, 3], [ 9, 3], [ 9, 6]],
    [[12, 6], [ 6, 6], [12, 6]],
    [[12, 6], [12, 6], [12, 6]],
    [[12, 6], [12, 6], [12, 6]],
    [[12, 6], [ 6, 6], [12, 6]],
    [[12, 3], [ 3, 9], [12, 9]]
  ],
  "1": [
    [[ 3, 6], [ 6, 6], [ 9, 6]],
    [[ 3,12], [ 6,12], [12, 6]],
    [[null,null], [12, 6], [12, 6]],
    [[null,null], [ 6,12], [12, 6]],
    [[null,null], [12, 6], [12, 6]],
    [[null,null], [12,12], [12, 9]]
  ],
  "2": [
    [[ 6, 3], [ 9, 3], [ 9, 6]],
    [[ 3,12], [ 6, 9], [12, 6]],
    [[ 3, 6], [12, 9], [12, 6]],
    [[ 6,12], [ 3, 6], [12, 9]],
    [[12, 6], [12, 3], [ 9, 6]],
    [[12, 3], [ 9, 3], [ 9,12]]
  ],
  "3": [
    [[ 6, 3], [ 9, 3], [ 9, 6]],
    [[12, 3], [ 6, 9], [12, 6]],
    [[ 3, 6], [12, 9], [12, 6]],
    [[ 3,12], [ 6, 9], [12, 6]],
    [[ 3, 6], [12, 9], [12, 6]],
    [[12, 3], [ 9, 3], [ 9,12]]
  ],
  "4": [
    [[ 3, 6], [ 6, 9], [ 6, 9]],
    [[ 6,12], [12, 6], [ 6,12]],
    [[ 6,12], [12, 3], [ 6,12]],
    [[ 3,12], [ 9, 6], [12, 6]],
    [[null,null], [12, 6], [ 6,12]],
    [[null,null], [12, 3], [12, 9]]
  ],
  "5": [
    [[ 3, 6], [ 9, 3], [ 9, 6]],
    [[ 6,12], [ 3, 6], [12, 9]],
    [[ 6,12], [ 3,12], [ 6, 9]],
    [[ 3,12], [ 9, 6], [ 6,12]],
    [[ 3, 6], [ 9,12], [12, 6]],
    [[12, 3], [ 9, 3], [12, 9]]
  ],
  "6": [
    [[ 6, 3], [ 9, 3], [ 9, 6]],
    [[12, 6], [ 3, 6], [12, 9]],
    [[12, 6], [ 3,12], [ 6, 9]],
    [[12, 6], [ 6, 3], [ 9, 6]],
    [[12, 6], [ 6, 6], [12, 6]],
    [[12, 3], [ 9, 3], [ 9,12]]
  ],
  "7": [
    [[ 3, 6], [ 9, 3], [ 9, 6]],
    [[ 3,12], [ 6, 9], [12, 6]],
    [[null,null], [12, 6], [12, 6]],
    [[null,null], [ 6,12], [12, 6]],
    [[null,null], [ 6,12], [12, 6]],
    [[null,null], [ 3,12], [12, 9]]
  ],
  "8": [
    [[ 6, 3], [ 9, 3], [ 9, 6]],
    [[12, 6], [ 6, 6], [12, 6]],
    [[12, 6], [ 3, 9], [12, 6]],
    [[12, 6], [ 6, 6], [12, 6]],
    [[12, 6], [ 6, 6], [12, 6]],
    [[12, 3], [ 9, 3], [ 9,12]]
  ],
  "9": [
    [[ 6, 3], [ 9, 3], [ 9, 6]],
    [[12, 6], [ 6, 6], [12, 6]],
    [[12, 6], [12,12], [12, 6]],
    [[12, 3], [ 6, 9], [12, 6]],
    [[ 3, 6], [12, 9], [12, 6]],
    [[12, 3], [ 3, 9], [12, 9]]
  ],
  ":": [
    [[null,null]],
    [[null,null]],
    [[ 9, 3]],
    [[ 9, 3]],
    [[null,null]],
    [[null,null]]
  ]
}
